{
  "Component-dbg.js": 1744266661278,
  "Component.js": 1744266661278,
  "controller/View1.controller.js": 1744308267788,
  "controller/App.controller.js": 1744266661286,
  "manifest.json": 1744359289673,
  "model/models.js": 1744266661282,
  "controller/App-dbg.controller.js": 1744266661286,
  "controller/App.controller.js.map": 1744359289897,
  "controller/View1-dbg.controller.js": 1744308267788,
  "controller/View1.controller.js.map": 1744359289912,
  "i18n/i18n.properties": 1744266718558,
  "Component.js.map": 1744359289901,
  "model/models-dbg.js": 1744266661282,
  "model/models.js.map": 1744359289890,
  "Component-preload.js": 1744359290043,
  "Component-preload.js.map": 1744359290043,
  "view/View1.view.xml": 1744359197203,
  "view/App.view.xml": 1744266661290,
  "css/style.css": 1744266661290,
  "index.html": 1744266661278
}