{
  "controller/View1-dbg.controller.js": 1744290055288,
  "controller/View1.controller.js": 1744290055288,
  "model/models.js": 1744266661282,
  "controller/App.controller.js": 1744266661286,
  "manifest.json": 1744291311488,
  "Component.js": 1744266661278,
  "controller/App-dbg.controller.js": 1744266661286,
  "controller/App.controller.js.map": 1744291311835,
  "model/models-dbg.js": 1744266661282,
  "model/models.js.map": 1744291311786,
  "i18n/i18n.properties": 1744266718558,
  "controller/View1.controller.js.map": 1744291311896,
  "Component-dbg.js": 1744266661278,
  "Component.js.map": 1744291311786,
  "Component-preload.js": 1744291312086,
  "Component-preload.js.map": 1744291312086,
  "view/uploadFile.fragment.xml": 1744277427641,
  "view/View1.view.xml": 1744288120281,
  "view/App.view.xml": 1744266661290,
  "css/style.css": 1744266661290,
  "index.html": 1744266661278
}